time intervals,time intervals,thx,time
10,10,6550.5043888379405,10
100,100,6607.201850016518,100
1000,1000,6492.663290481755,1000
10000,10000,6584.5789161783105,10000
20000,20000,6472.491909385113,20000
