x,FileScale,HopsFS,HopsFS1,HDFS-RBF,FileScale-Proxy,HDFS
1,9100.8,2200,2200,,7584,8584
2,18346.9,4125.51262,4125.51262,7284,14113,8584
4,37458.88,8170.6148814,8170.6148814,13813,30704,8584
8,69992.42,16341.229,16341.229,26704,56445.5,8584
16,132968.11,32745.915696,25745.915696,54445.5,109891,8584
32,262744.84,65091.831392,26745.915696,104891,211891,8584
