filesPerDir,fs-open,fs-open,hdfs-rename,hdfs-open
10,8232.26553,9232.26553,8150.523927,9251.54963456379
100,8289.429374,9289.429374,8050.523927,9211.588629
1000,8247.559775,9247.559775,8150.523927,9113.377935
10000,8041.713911,9041.713911,8350.523927,9290.477929
100000,8262.068643,9362.068643,8250.523927,9120.454697
1000000,8164.893017,9164.893017,1877.4547721145398,8965.77840112202
