editlog,fsimage,voltdb,hdfs_log,volt_txn,fsimage_err,volt_err,txn_err,log_err,async txn,async txn err
10^3,165,147.857142857,0,0.25,5,10,0,0
10^4,165,147.857142857,0.1,3.89,5,10,0,0
10^5,165,147.857142857,4,4,5,2,0,0,41,1
10^6,165,147.857142857,177,183,5,10,8,10,374,12
